n,b,sample_size,start,stop,treedist
1,0,25,0,100,4.49E+01
2,0,25,50,150,1.44E+01
3,0,25,100,200,5.92E+00
4,0,25,150,250,2.45E+00
5,0,25,200,300,3.77E+00
6,0,25,250,350,6.15E+00
7,0,25,300,400,1.83E+00
8,0,25,350,450,1.83E+00
9,0,25,400,500,1.84E+00
10,0,25,450,550,1.33E+00
11,0,25,500,600,1.75E+00
12,0,25,550,650,1.68E+00
13,0,25,600,700,1.66E+00
14,0,25,650,750,1.43E+00
15,0,25,700,800,7.45E-01
16,0,25,750,850,1.76E+00
17,0,25,800,900,1.02E+00
18,0,25,850,950,2.11E+00
19,1,25,0,100,4.46E+00
20,1,25,50,150,2.37E+00
21,1,25,100,200,1.16E+00
22,1,25,150,250,1.71E+00
23,1,25,200,300,3.12E+00
24,1,25,250,350,2.05E+00
25,1,25,300,400,1.87E+00
26,1,25,350,450,2.04E+00
27,1,25,400,500,2.04E+00
28,1,25,450,550,1.30E+00
29,1,25,500,600,1.47E+00
30,1,25,550,650,1.97E+00
31,1,25,600,700,1.79E+00
32,1,25,650,750,1.40E+00
33,1,25,700,800,7.75E-01
34,1,25,750,850,5.91E-01
35,1,25,800,900,5.96E-01
36,1,25,850,950,6.65E-01
37,2,25,0,100,4.09E+00
38,2,25,50,150,2.43E+00
39,2,25,100,200,2.36E+00
40,2,25,150,250,2.84E+00
41,2,25,200,300,2.50E+00
42,2,25,250,350,2.97E+00
43,2,25,300,400,1.98E+00
44,2,25,350,450,2.49E+00
45,2,25,400,500,2.49E+00
46,2,25,450,550,2.35E+00
47,2,25,500,600,2.69E+00
48,2,25,550,650,2.48E+00
49,2,25,600,700,1.95E+00
50,2,25,650,750,1.05E+00
51,2,25,700,800,1.34E+00
52,2,25,750,850,1.01E+00
53,2,25,800,900,1.45E+00
54,2,25,850,950,1.78E+00
55,3,25,0,100,1.89E+00
56,3,25,50,150,7.95E-01
57,3,25,100,200,8.06E-01
58,3,25,150,250,1.27E+00
59,3,25,200,300,2.19E+00
60,3,25,250,350,2.12E+00
61,3,25,300,400,2.07E+00
62,3,25,350,450,2.24E+00
63,3,25,400,500,2.24E+00
64,3,25,450,550,2.87E+00
65,3,25,500,600,3.12E+00
66,3,25,550,650,5.52E+00
67,3,25,600,700,3.07E+00
68,3,25,650,750,2.01E+00
69,3,25,700,800,3.14E+00
70,3,25,750,850,2.21E+00
71,3,25,800,900,2.58E+00
72,3,25,850,950,8.28E+00
73,4,25,0,100,1.77E+01
74,4,25,50,150,1.08E+01
75,4,25,100,200,2.58E+00
76,4,25,150,250,2.73E+00
77,4,25,200,300,2.12E+00
78,4,25,250,350,1.81E+00
79,4,25,300,400,2.08E+00
80,4,25,350,450,1.98E+00
81,4,25,400,500,1.97E+00
82,4,25,450,550,1.47E+00
83,4,25,500,600,2.02E+00
84,4,25,550,650,1.98E+00
85,4,25,600,700,1.41E+00
86,4,25,650,750,9.20E-01
87,4,25,700,800,1.56E+00
88,4,25,750,850,1.69E+00
89,4,25,800,900,1.80E+00
90,4,25,850,950,1.25E+00
91,5,25,0,100,4.07E+00
92,5,25,50,150,2.99E+00
93,5,25,100,200,1.55E+00
94,5,25,150,250,2.82E+00
95,5,25,200,300,6.04E+00
96,5,25,250,350,3.96E+00
97,5,25,300,400,4.12E+00
98,5,25,350,450,5.03E+00
99,5,25,400,500,5.00E+00
100,5,25,450,550,2.63E+00
101,5,25,500,600,2.94E+00
102,5,25,550,650,3.09E+00
103,5,25,600,700,2.25E+00
104,5,25,650,750,1.43E+00
105,5,25,700,800,8.29E-01
106,5,25,750,850,7.50E-01
107,5,25,800,900,6.70E-01
108,5,25,850,950,7.62E-01
109,6,25,0,100,1.62E+00
110,6,25,50,150,3.18E+00
111,6,25,100,200,2.34E+00
112,6,25,150,250,2.40E+00
113,6,25,200,300,4.47E+00
114,6,25,250,350,4.60E+00
115,6,25,300,400,3.99E+00
116,6,25,350,450,4.59E+00
117,6,25,400,500,4.60E+00
118,6,25,450,550,3.73E+00
119,6,25,500,600,3.86E+00
120,6,25,550,650,4.30E+00
121,6,25,600,700,2.75E+00
122,6,25,650,750,1.83E+00
123,6,25,700,800,2.01E+00
124,6,25,750,850,1.08E+00
125,6,25,800,900,6.93E-01
126,6,25,850,950,6.49E-01
127,7,25,0,100,2.16E+01
128,7,25,50,150,8.15E+00
129,7,25,100,200,3.17E+00
130,7,25,150,250,2.39E+00
131,7,25,200,300,2.78E+00
132,7,25,250,350,2.47E+00
133,7,25,300,400,2.52E+00
134,7,25,350,450,2.36E+00
135,7,25,400,500,2.36E+00
136,7,25,450,550,1.89E+00
137,7,25,500,600,1.99E+00
138,7,25,550,650,2.45E+00
139,7,25,600,700,1.80E+00
140,7,25,650,750,1.36E+00
141,7,25,700,800,7.17E-01
142,7,25,750,850,6.11E-01
143,7,25,800,900,9.38E-01
144,7,25,850,950,1.02E+00
145,8,25,0,100,1.85E+00
146,8,25,50,150,1.25E+00
147,8,25,100,200,1.13E+00
148,8,25,150,250,2.03E+00
149,8,25,200,300,2.91E+00
150,8,25,250,350,3.01E+00
151,8,25,300,400,2.18E+00
152,8,25,350,450,2.28E+00
153,8,25,400,500,2.27E+00
154,8,25,450,550,2.63E+00
155,8,25,500,600,2.67E+00
156,8,25,550,650,3.98E+00
157,8,25,600,700,2.05E+00
158,8,25,650,750,1.23E+00
159,8,25,700,800,9.82E-01
160,8,25,750,850,1.16E+00
161,8,25,800,900,1.18E+00
162,8,25,850,950,1.47E+00
163,9,25,0,100,4.49E+00
164,9,25,50,150,2.99E+00
165,9,25,100,200,2.64E+00
166,9,25,150,250,2.60E+00
167,9,25,200,300,4.05E+00
168,9,25,250,350,3.34E+00
169,9,25,300,400,2.85E+00
170,9,25,350,450,2.72E+00
171,9,25,400,500,2.74E+00
172,9,25,450,550,1.14E+00
173,9,25,500,600,1.33E+00
174,9,25,550,650,1.16E+00
175,9,25,600,700,1.28E+00
176,9,25,650,750,8.01E-01
177,9,25,700,800,6.38E-01
178,9,25,750,850,6.29E-01
179,9,25,800,900,6.38E-01
180,9,25,850,950,6.79E-01
181,10,25,0,100,1.18E+00
182,10,25,50,150,2.00E+00
183,10,25,100,200,2.54E+00
184,10,25,150,250,3.34E+00
185,10,25,200,300,3.58E+00
186,10,25,250,350,3.92E+00
187,10,25,300,400,3.52E+00
188,10,25,350,450,3.71E+00
189,10,25,400,500,3.29E+00
190,10,25,450,550,1.86E+00
191,10,25,500,600,3.95E+00
192,10,25,550,650,4.25E+00
193,10,25,600,700,2.88E+00
194,10,25,650,750,1.82E+00
195,10,25,700,800,9.01E-01
196,10,25,750,850,1.07E+00
197,10,25,800,900,7.85E-01
198,10,25,850,950,1.12E+00
199,11,25,500,600,1.60E+00
200,11,25,550,650,1.53E+00
201,11,25,600,700,1.21E+00
202,11,25,650,750,1.04E+00
203,11,25,700,800,5.83E-01
204,11,25,750,850,5.04E-01
205,11,25,800,900,5.56E-01
206,11,25,850,950,1.18E+00
207,12,25,0,100,1.61E+00
208,12,25,50,150,1.71E+00
209,12,25,100,200,1.49E+00
210,12,25,150,250,1.67E+00
211,12,25,200,300,3.91E+00
212,12,25,250,350,3.70E+00
213,12,25,300,400,2.99E+00
214,12,25,350,450,2.00E+00
215,12,25,400,500,1.90E+00
216,12,25,450,550,1.59E+00
217,12,25,500,600,2.69E+00
218,12,25,550,650,2.73E+00
219,12,25,600,700,3.15E+00
220,12,25,650,750,1.59E+00
221,12,25,700,800,1.67E+00
222,12,25,750,850,8.18E-01
223,12,25,800,900,5.69E-01
224,12,25,850,950,5.32E-01
225,13,25,0,100,1.13E+00
226,13,25,50,150,2.05E+00
227,13,25,100,200,2.33E+00
228,13,25,150,250,4.42E+00
229,13,25,200,300,4.52E+00
230,13,25,250,350,4.06E+00
231,13,25,300,400,4.05E+00
232,13,25,350,450,4.09E+00
233,13,25,400,500,4.09E+00
234,13,25,450,550,2.59E+00
235,13,25,500,600,3.91E+00
236,13,25,550,650,3.61E+01
237,13,25,600,700,2.17E+00
238,13,25,650,750,1.44E+00
239,13,25,700,800,1.51E+00
240,13,25,750,850,1.11E+00
241,13,25,800,900,1.11E+00
242,14,25,0,100,2.42E+00
243,14,25,50,150,1.83E+00
244,14,25,100,200,1.69E+00
245,14,25,150,250,2.13E+00
246,14,25,200,300,5.88E+00
247,14,25,250,350,3.32E+00
248,14,25,300,400,7.14E+00
249,14,25,350,450,2.94E+00
250,14,25,400,500,2.94E+00
251,14,25,450,550,3.08E+00
252,14,25,500,600,2.56E+00
253,14,25,550,650,3.18E+00
254,14,25,600,700,2.30E+00
255,14,25,650,750,1.73E+00
256,14,25,700,800,1.26E+00
257,14,25,750,850,7.09E-01
258,14,25,800,900,4.14E-01
259,14,25,850,950,6.51E-01
260,15,25,0,100,4.15E+00
261,15,25,50,150,1.78E+00
262,15,25,100,200,1.07E+00
263,15,25,150,250,1.27E+00
264,15,25,200,300,1.61E+00
265,15,25,250,350,1.65E+00
266,15,25,300,400,1.60E+00
267,15,25,350,450,1.49E+00
268,15,25,400,500,1.49E+00
269,15,25,450,550,1.26E+00
270,15,25,500,600,1.68E+00
271,15,25,550,650,1.82E+00
272,15,25,600,700,1.39E+00
273,15,25,650,750,1.31E+00
274,15,25,700,800,1.06E+00
275,15,25,750,850,6.47E-01
276,15,25,800,900,7.12E-01
277,15,25,850,950,8.12E-01
278,16,25,0,100,2.38E+00
279,16,25,50,150,3.41E+00
280,16,25,100,200,1.65E+00
281,16,25,150,250,4.30E+00
282,16,25,200,300,4.89E+00
283,16,25,250,350,2.52E+00
284,16,25,300,400,2.40E+00
285,16,25,350,450,2.03E+00
286,16,25,400,500,2.02E+00
287,16,25,450,550,1.47E+00
288,16,25,500,600,1.76E+00
289,16,25,550,650,1.81E+00
290,16,25,600,700,1.91E+00
291,16,25,650,750,1.30E+00
292,16,25,700,800,1.58E+00
293,16,25,750,850,1.13E+00
294,16,25,800,900,1.14E+00
295,16,25,850,950,1.38E+00
296,17,25,0,100,4.32E+00
297,17,25,50,150,2.08E+00
298,17,25,100,200,1.04E+00
299,17,25,150,250,2.30E+00
300,17,25,200,300,2.35E+00
301,17,25,250,350,1.61E+00
302,17,25,300,400,1.34E+00
303,17,25,350,450,1.31E+00
304,17,25,400,500,1.31E+00
305,17,25,450,550,1.33E+00
306,17,25,500,600,1.35E+00
307,17,25,550,650,1.50E+00
308,17,25,600,700,1.49E+00
309,17,25,650,750,1.22E+00
310,17,25,700,800,5.86E-01
311,17,25,750,850,5.85E-01
312,17,25,800,900,5.79E-01
313,17,25,850,950,6.20E-01
314,18,25,0,100,9.16E-01
315,18,25,50,150,1.01E+00
316,18,25,100,200,1.39E+00
317,18,25,150,250,1.69E+00
318,18,25,200,300,1.73E+00
319,18,25,250,350,1.54E+00
320,18,25,300,400,2.44E+00
321,18,25,350,450,1.94E+00
322,18,25,400,500,1.93E+00
323,18,25,450,550,2.17E+00
324,18,25,500,600,2.78E+00
325,18,25,550,650,3.99E+00
326,18,25,600,700,1.98E+00
327,18,25,650,750,1.63E+00
328,18,25,700,800,1.21E+00
329,18,25,750,850,7.63E-01
330,18,25,800,900,4.69E-01
331,18,25,850,950,7.87E-01
332,19,25,0,100,2.61E+00
333,19,25,50,150,1.79E+00
334,19,25,100,200,1.07E+00
335,19,25,150,250,2.31E+00
336,19,25,200,300,2.21E+00
337,19,25,250,350,2.18E+00
338,19,25,300,400,2.16E+00
339,19,25,350,450,2.21E+00
340,19,25,400,500,2.21E+00
341,19,25,450,550,1.96E+00
342,19,25,500,600,3.17E+00
343,19,25,550,650,4.25E+00
344,19,25,600,700,4.28E+00
345,19,25,650,750,2.34E+00
346,19,25,700,800,1.90E+00
347,19,25,750,850,6.79E-01
348,19,25,800,900,6.41E-01
349,19,25,850,950,1.17E+00
350,20,25,600,700,2.50E+00
351,20,25,650,750,1.94E+00
352,20,25,700,800,2.47E+00
353,20,25,750,850,5.37E-01
354,20,25,800,900,5.67E-01
355,20,25,850,950,8.25E-01
356,21,25,50,150,8.47E-01
357,21,25,100,200,1.06E+00
358,21,25,150,250,8.97E-01
359,21,25,200,300,1.96E+00
360,21,25,250,350,1.68E+00
361,21,25,300,400,1.44E+00
362,21,25,350,450,1.04E+00
363,21,25,400,500,1.04E+00
364,21,25,450,550,1.23E+00
365,21,25,500,600,1.05E+00
366,21,25,550,650,1.22E+00
367,21,25,600,700,1.02E+00
368,21,25,650,750,9.35E-01
369,21,25,700,800,6.72E-01
370,21,25,750,850,5.31E-01
371,21,25,800,900,4.75E-01
372,21,25,850,950,4.52E-01
373,22,25,0,100,1.57E+00
374,22,25,50,150,1.49E+00
375,22,25,100,200,1.08E+00
376,22,25,150,250,1.43E+00
377,22,25,200,300,1.69E+00
378,22,25,250,350,1.59E+00
379,22,25,300,400,1.97E+00
380,22,25,350,450,2.50E+00
381,22,25,400,500,2.52E+00
382,22,25,450,550,1.16E+00
383,22,25,500,600,1.38E+00
384,22,25,550,650,1.29E+00
385,22,25,600,700,1.19E+00
386,22,25,650,750,1.19E+00
387,22,25,700,800,7.14E-01
388,22,25,750,850,7.32E-01
389,22,25,800,900,5.68E-01
390,22,25,850,950,5.92E-01
391,23,25,0,100,5.13E+00
392,23,25,50,150,3.19E+00
393,23,25,100,200,1.95E+00
394,23,25,150,250,2.83E+00
395,23,25,200,300,3.28E+00
396,23,25,250,350,3.29E+00
397,23,25,300,400,3.48E+00
398,23,25,350,450,2.99E+00
399,23,25,400,500,2.99E+00
400,23,25,450,550,3.76E+00
401,23,25,500,600,4.02E+00
402,23,25,550,650,8.46E+00
403,23,25,600,700,3.75E+00
404,23,25,650,750,2.65E+00
405,23,25,700,800,1.76E+00
406,23,25,750,850,1.56E+00
407,23,25,800,900,1.02E+00
408,23,25,850,950,1.04E+00
409,24,25,0,100,7.35E+00
410,24,25,50,150,3.75E+00
411,24,25,100,200,1.28E+00
412,24,25,150,250,2.34E+00
413,24,25,200,300,3.30E+00
414,24,25,250,350,3.14E+00
415,24,25,300,400,3.32E+00
416,24,25,350,450,3.08E+00
417,24,25,400,500,3.10E+00
418,24,25,450,550,2.46E+00
419,24,25,500,600,4.33E+00
420,24,25,550,650,1.39E+01
421,24,25,600,700,4.20E+00
422,24,25,650,750,2.49E+00
423,24,25,700,800,1.30E+00
424,24,25,750,850,8.18E-01
425,24,25,800,900,8.15E-01
426,24,25,850,950,1.33E+00
427,25,25,0,100,1.89E+00
428,25,25,50,150,1.94E+00
429,25,25,100,200,1.60E+00
430,25,25,150,250,1.44E+00
431,25,25,200,300,1.80E+00
432,25,25,250,350,1.44E+00
433,25,25,300,400,1.57E+00
434,25,25,350,450,1.54E+00
435,25,25,400,500,1.55E+00
436,25,25,450,550,1.26E+00
437,25,25,500,600,1.57E+00
438,25,25,550,650,2.11E+00
439,25,25,600,700,1.19E+00
440,25,25,650,750,9.65E-01
441,25,25,700,800,1.29E+00
442,25,25,750,850,1.25E+00
443,25,25,800,900,8.78E-01
444,25,25,850,950,1.15E+00
445,26,25,0,100,1.89E+00
446,26,25,50,150,1.66E+00
447,26,25,100,200,9.81E-01
448,26,25,150,250,5.04E+00
449,26,25,200,300,2.82E+00
450,26,25,250,350,4.04E+00
451,26,25,300,400,3.20E+00
452,26,25,350,450,2.90E+00
453,26,25,400,500,2.90E+00
454,26,25,450,550,1.63E+00
455,26,25,500,600,2.27E+00
456,26,25,550,650,3.02E+00
457,26,25,600,700,1.63E+00
458,26,25,650,750,1.35E+00
459,26,25,700,800,1.28E+00
460,26,25,750,850,9.15E-01
461,26,25,800,900,8.09E-01
462,26,25,850,950,8.71E-01
463,27,25,0,100,1.21E+00
464,27,25,50,150,1.28E+00
465,27,25,100,200,1.83E+00
466,27,25,150,250,2.05E+00
467,27,25,200,300,3.03E+00
468,27,25,250,350,2.45E+00
469,27,25,300,400,2.62E+00
470,27,25,350,450,2.47E+00
471,27,25,400,500,2.47E+00
472,27,25,450,550,1.63E+00
473,27,25,500,600,2.66E+00
474,27,25,550,650,3.72E+00
475,27,25,600,700,1.47E+00
476,27,25,650,750,1.50E+00
477,27,25,700,800,1.17E+00
478,27,25,750,850,9.97E-01
479,27,25,800,900,9.94E-01
480,27,25,850,950,1.09E+00
481,28,25,0,100,3.02E+00
482,28,25,50,150,2.05E+00
483,28,25,100,200,3.18E+00
484,28,25,150,250,3.38E+00
485,28,25,200,300,4.06E+00
486,28,25,250,350,3.73E+00
487,28,25,300,400,3.38E+00
488,28,25,350,450,3.38E+00
489,28,25,400,500,3.39E+00
490,28,25,450,550,2.29E+00
491,28,25,500,600,2.72E+00
492,28,25,550,650,2.87E+00
493,28,25,600,700,2.09E+00
494,28,25,650,750,1.06E+00
495,28,25,700,800,7.16E-01
496,28,25,750,850,8.40E-01
497,28,25,800,900,7.92E-01
498,28,25,850,950,9.94E-01
499,29,25,0,100,1.92E+00
500,29,25,50,150,1.04E+00
501,29,25,100,200,5.98E-01
502,29,25,150,250,1.33E+00
503,29,25,200,300,1.76E+00
504,29,25,250,350,1.94E+00
505,29,25,300,400,1.75E+00
506,29,25,350,450,1.89E+00
507,29,25,400,500,1.88E+00
508,29,25,450,550,3.08E+00
509,29,25,500,600,2.43E+00
510,29,25,550,650,4.02E+00
511,29,25,600,700,3.23E+00
512,29,25,650,750,1.29E+00
513,29,25,700,800,1.24E+00
514,29,25,750,850,9.10E-01
515,29,25,800,900,7.71E-01
516,29,25,850,950,1.05E+00
517,30,25,0,100,2.73E+01
518,30,25,50,150,1.44E+01
519,30,25,100,200,6.44E+00
520,30,25,150,250,4.36E+00
521,30,25,200,300,5.17E+00
522,30,25,250,350,2.32E+00
523,30,25,300,400,3.20E+00
524,30,25,350,450,2.46E+00
525,30,25,400,500,2.44E+00
526,30,25,450,550,2.39E+00
527,30,25,500,600,2.33E+00
528,30,25,550,650,2.80E+00
529,30,25,600,700,1.86E+00
530,30,25,650,750,1.36E+00
531,30,25,700,800,1.94E+00
532,30,25,750,850,1.62E+00
533,30,25,800,900,1.61E+00
534,31,25,0,100,3.62E+00
535,31,25,50,150,1.93E+00
536,31,25,100,200,3.02E+00
537,31,25,150,250,2.58E+00
538,31,25,200,300,5.97E+00
539,31,25,250,350,5.04E+00
540,31,25,300,400,4.58E+00
541,31,25,350,450,3.07E+00
542,31,25,400,500,3.06E+00
543,31,25,450,550,1.57E+00
544,31,25,500,600,1.60E+00
545,31,25,550,650,2.24E+00
546,31,25,600,700,1.83E+00
547,31,25,650,750,1.43E+00
548,31,25,700,800,1.03E+00
549,31,25,750,850,5.21E-01
550,31,25,800,900,5.13E-01
551,31,25,850,950,4.70E-01
552,32,25,0,100,4.12E+00
553,32,25,50,150,1.89E+00
554,32,25,100,200,2.17E+00
555,32,25,150,250,3.57E+00
556,32,25,200,300,4.11E+00
557,32,25,250,350,4.22E+00
558,32,25,300,400,4.68E+00
559,32,25,350,450,5.10E+00
560,32,25,400,500,5.09E+00
561,32,25,450,550,4.56E+00
562,32,25,500,600,1.42E+01
563,32,25,550,650,2.24E+01
564,32,25,600,700,2.68E+00
565,32,25,650,750,1.47E+00
566,32,25,700,800,6.84E-01
567,32,25,750,850,6.70E-01
568,32,25,800,900,1.12E+00
569,32,25,850,950,1.05E+00
570,33,25,0,100,4.30E+00
571,33,25,50,150,3.05E+00
572,33,25,100,200,1.79E+00
573,33,25,150,250,3.10E+00
574,33,25,200,300,2.59E+00
575,33,25,250,350,2.27E+00
576,33,25,300,400,2.02E+00
577,33,25,350,450,2.03E+00
578,33,25,400,500,2.02E+00
579,33,25,450,550,1.10E+00
580,33,25,500,600,2.34E+00
581,33,25,550,650,2.22E+00
582,33,25,600,700,1.91E+00
583,33,25,650,750,9.20E-01
584,33,25,700,800,6.30E-01
585,33,25,750,850,7.81E-01
586,33,25,800,900,6.93E-01
587,33,25,850,950,8.63E-01
588,34,25,550,650,6.47E+00
589,34,25,600,700,2.83E+00
590,34,25,650,750,2.36E+00
591,34,25,700,800,1.66E+00
592,34,25,750,850,1.62E+00
593,34,25,800,900,1.06E+00
594,34,25,850,950,1.17E+00
595,35,25,450,550,4.13E+00
596,35,25,500,600,4.11E+00
597,35,25,550,650,3.94E+00
598,35,25,600,700,2.00E+00
599,35,25,650,750,1.28E+00
600,35,25,700,800,9.22E-01
601,35,25,750,850,6.24E-01
602,35,25,800,900,1.05E+00
603,35,25,850,950,1.13E+00
604,36,25,0,100,5.22E+00
605,36,25,50,150,3.10E+00
606,36,25,100,200,8.56E-01
607,36,25,150,250,1.63E+00
608,36,25,200,300,2.03E+00
609,36,25,250,350,2.19E+00
610,36,25,300,400,2.77E+00
611,36,25,350,450,2.50E+00
612,36,25,400,500,2.48E+00
613,36,25,450,550,2.30E+00
614,36,25,500,600,1.99E+00
615,36,25,550,650,1.71E+00
616,36,25,600,700,1.82E+00
617,36,25,650,750,1.19E+00
618,36,25,700,800,8.69E-01
619,36,25,750,850,7.50E-01
620,36,25,800,900,1.05E+00
621,36,25,850,950,1.93E+00
622,37,25,450,550,1.75E+00
623,37,25,500,600,2.08E+00
624,37,25,550,650,1.81E+00
625,37,25,600,700,1.47E+00
626,37,25,650,750,1.25E+00
627,37,25,700,800,1.04E+00
628,37,25,750,850,5.27E-01
629,37,25,800,900,3.99E-01
630,37,25,850,950,5.07E-01
631,38,25,0,100,1.84E+00
632,38,25,50,150,2.64E+00
633,38,25,100,200,2.28E+00
634,38,25,150,250,2.51E+00
635,38,25,200,300,3.39E+00
636,38,25,250,350,2.58E+00
637,38,25,300,400,2.70E+00
638,38,25,350,450,2.35E+00
639,38,25,400,500,2.35E+00
640,38,25,450,550,2.54E+00
641,38,25,500,600,3.56E+00
642,38,25,550,650,2.39E+00
643,38,25,600,700,2.62E+00
644,38,25,650,750,1.49E+00
645,38,25,700,800,1.11E+00
646,38,25,750,850,7.31E-01
647,38,25,800,900,6.12E-01
648,38,25,850,950,7.83E-01
649,39,25,0,100,2.45E+01
650,39,25,50,150,1.01E+01
651,39,25,100,200,3.04E+00
652,39,25,150,250,3.18E+00
653,39,25,200,300,2.19E+00
654,39,25,250,350,1.67E+00
655,39,25,300,400,1.69E+00
656,39,25,350,450,2.72E+00
657,39,25,400,500,2.73E+00
658,39,25,450,550,1.54E+00
659,39,25,500,600,1.65E+00
660,39,25,550,650,2.30E+00
661,39,25,600,700,1.91E+00
662,39,25,650,750,9.91E-01
663,39,25,700,800,1.91E+00
664,39,25,750,850,2.18E+00
665,39,25,800,900,1.23E+00
666,39,25,850,950,1.70E+00
667,40,25,0,100,2.76E+00
668,40,25,50,150,1.17E+00
669,40,25,100,200,1.62E+00
670,40,25,150,250,1.34E+00
671,40,25,200,300,2.86E+00
672,40,25,250,350,2.04E+00
673,40,25,300,400,1.17E+00
674,40,25,350,450,1.27E+00
675,40,25,400,500,1.23E+00
676,40,25,450,550,1.05E+00
677,40,25,500,600,1.23E+00
678,40,25,550,650,1.93E+00
679,40,25,600,700,1.34E+00
680,40,25,650,750,8.27E-01
681,40,25,700,800,5.43E-01
682,40,25,750,850,5.81E-01
683,40,25,800,900,4.87E-01
684,40,25,850,950,6.54E-01
685,41,25,200,300,5.77E+00
686,41,25,250,350,6.70E+00
687,41,25,300,400,6.25E+00
688,41,25,350,450,7.45E+00
689,41,25,400,500,7.45E+00
690,41,25,450,550,4.27E+00
691,41,25,500,600,3.01E+00
692,41,25,550,650,3.32E+00
693,41,25,600,700,2.79E+00
694,41,25,650,750,2.21E+00
695,41,25,700,800,1.77E+00
696,41,25,750,850,1.60E+00
697,41,25,800,900,1.55E+00
698,41,25,850,950,1.43E+00
699,42,25,0,100,2.95E+00
700,42,25,50,150,1.88E+00
701,42,25,100,200,1.40E+00
702,42,25,150,250,2.06E+00
703,42,25,200,300,3.85E+00
704,42,25,250,350,4.47E+00
705,42,25,300,400,4.56E+00
706,42,25,350,450,3.03E+00
707,42,25,400,500,3.02E+00
708,42,25,450,550,1.84E+00
709,42,25,500,600,2.46E+00
710,42,25,550,650,2.36E+00
711,42,25,600,700,1.76E+00
712,42,25,650,750,1.51E+00
713,42,25,700,800,1.21E+00
714,42,25,750,850,7.55E-01
715,42,25,800,900,8.42E-01
716,42,25,850,950,1.18E+00
717,43,25,200,300,3.01E+00
718,43,25,250,350,2.89E+00
719,43,25,300,400,2.04E+00
720,43,25,350,450,1.80E+00
721,43,25,400,500,1.80E+00
722,43,25,450,550,1.32E+00
723,43,25,500,600,1.80E+00
724,43,25,550,650,1.96E+00
725,43,25,600,700,1.50E+00
726,43,25,650,750,1.37E+00
727,43,25,700,800,1.23E+00
728,43,25,750,850,5.14E-01
729,43,25,800,900,5.87E-01
730,43,25,850,950,5.94E-01
731,44,25,0,100,1.02E+01
732,44,25,50,150,4.61E+00
733,44,25,100,200,1.56E+00
734,44,25,150,250,5.58E+00
735,44,25,200,300,8.14E+00
736,44,25,250,350,6.50E+00
737,44,25,300,400,6.40E+00
738,44,25,350,450,7.11E+00
739,44,25,400,500,7.12E+00
740,44,25,450,550,3.92E+00
741,44,25,500,600,3.52E+00
742,44,25,550,650,3.66E+00
743,44,25,600,700,2.99E+00
744,44,25,650,750,1.36E+00
745,44,25,700,800,6.87E+00
746,44,25,750,850,6.60E+00
747,44,25,800,900,4.29E+00
748,44,25,850,950,3.75E+00
749,45,25,0,100,5.95E+00
750,45,25,50,150,3.77E+00
751,45,25,100,200,1.90E+00
752,45,25,150,250,2.37E+00
753,45,25,200,300,4.45E+00
754,45,25,250,350,5.54E+00
755,45,25,300,400,2.56E+00
756,45,25,350,450,5.04E+00
757,45,25,400,500,5.04E+00
758,45,25,450,550,2.11E+00
759,45,25,500,600,1.89E+00
760,45,25,550,650,1.94E+00
761,45,25,600,700,1.77E+00
762,45,25,650,750,8.74E-01
763,45,25,700,800,6.84E-01
764,45,25,750,850,7.19E-01
765,45,25,800,900,9.77E-01
766,45,25,850,950,1.14E+00
767,46,25,0,100,1.05E+01
768,46,25,50,150,7.84E+00
769,46,25,100,200,2.71E+00
770,46,25,150,250,2.05E+00
771,46,25,200,300,4.17E+00
772,46,25,250,350,2.86E+00
773,46,25,300,400,2.19E+00
774,46,25,350,450,1.88E+00
775,46,25,400,500,1.88E+00
776,46,25,450,550,1.62E+00
777,46,25,500,600,1.73E+00
778,46,25,550,650,1.79E+00
779,46,25,600,700,1.67E+00
780,46,25,650,750,1.44E+00
781,46,25,700,800,9.40E-01
782,46,25,750,850,5.97E-01
783,46,25,800,900,6.42E-01
784,46,25,850,950,5.86E-01
785,47,25,0,100,2.68E+00
786,47,25,50,150,4.04E+00
787,47,25,100,200,1.93E+00
788,47,25,150,250,3.43E+00
789,47,25,200,300,6.14E+00
790,47,25,250,350,6.14E+00
791,47,25,300,400,4.27E+00
792,47,25,350,450,3.85E+00
793,47,25,400,500,3.86E+00
794,47,25,450,550,1.61E+00
795,47,25,500,600,1.77E+00
796,47,25,550,650,1.76E+00
797,47,25,600,700,1.14E+00
798,47,25,650,750,8.61E-01
799,47,25,700,800,6.02E-01
800,47,25,750,850,5.39E-01
801,47,25,800,900,5.16E-01
802,47,25,850,950,5.38E-01
803,48,25,0,100,2.22E+00
804,48,25,50,150,3.13E+00
805,48,25,100,200,1.57E+00
806,48,25,150,250,3.67E+00
807,48,25,200,300,5.91E+00
808,48,25,250,350,2.73E+00
809,48,25,300,400,3.29E+00
810,48,25,350,450,2.86E+00
811,48,25,400,500,2.86E+00
812,48,25,450,550,2.28E+00
813,48,25,500,600,2.09E+00
814,48,25,550,650,4.37E+00
815,48,25,600,700,1.85E+00
816,48,25,650,750,1.08E+00
817,48,25,700,800,1.08E+00
818,48,25,750,850,9.88E-01
819,48,25,800,900,6.41E-01
820,48,25,850,950,7.17E-01
821,49,25,0,100,1.69E+00
822,49,25,50,150,1.38E+00
823,49,25,100,200,1.40E+00
824,49,25,150,250,1.43E+00
825,49,25,200,300,1.65E+00
826,49,25,250,350,1.38E+00
827,49,25,300,400,1.43E+00
828,49,25,350,450,1.41E+00
829,49,25,400,500,1.41E+00
830,49,25,450,550,1.33E+00
831,49,25,500,600,1.85E+00
832,49,25,550,650,2.07E+00
833,49,25,600,700,1.38E+00
834,49,25,650,750,1.12E+00
835,49,25,700,800,1.42E+00
836,49,25,750,850,9.42E-01
837,49,25,800,900,1.16E+00
838,49,25,850,950,1.49E+00
839,50,25,0,100,2.07E+00
840,50,25,50,150,1.02E+00
841,50,25,100,200,8.54E-01
842,50,25,150,250,1.38E+00
843,50,25,200,300,2.02E+00
844,50,25,250,350,2.68E+00
845,50,25,300,400,1.93E+00
846,50,25,350,450,2.02E+00
847,50,25,400,500,2.02E+00
848,50,25,450,550,1.46E+00
849,50,25,500,600,1.75E+00
850,50,25,550,650,1.89E+00
851,50,25,600,700,4.38E+00
852,50,25,650,750,3.95E+00
853,50,25,700,800,1.58E+00
854,50,25,750,850,2.00E+00
855,50,25,800,900,1.58E+00
856,50,25,850,950,2.36E+00
857,51,25,0,100,1.17E+01
858,51,25,50,150,1.95E+00
859,51,25,100,200,2.39E+00
860,51,25,150,250,2.74E+00
861,51,25,200,300,3.66E+00
862,51,25,250,350,3.46E+00
863,51,25,300,400,2.60E+00
864,51,25,350,450,1.91E+00
865,51,25,400,500,1.90E+00
866,51,25,450,550,1.46E+00
867,51,25,500,600,3.36E+00
868,51,25,550,650,2.12E+00
869,51,25,600,700,1.48E+00
870,51,25,650,750,1.49E+00
871,51,25,700,800,1.48E+00
872,51,25,750,850,6.46E-01
873,51,25,800,900,6.16E-01
874,51,25,850,950,5.37E-01
875,52,25,0,100,1.58E+00
876,52,25,50,150,2.98E+00
877,52,25,100,200,1.62E+00
878,52,25,150,250,2.26E+00
879,52,25,200,300,2.27E+00
880,52,25,250,350,2.08E+00
881,52,25,300,400,1.97E+00
882,52,25,350,450,1.92E+00
883,52,25,400,500,1.92E+00
884,52,25,450,550,1.33E+00
885,52,25,500,600,1.61E+00
886,52,25,550,650,1.59E+00
887,52,25,600,700,1.28E+00
888,52,25,650,750,1.55E+00
889,52,25,700,800,1.19E+00
890,52,25,750,850,7.29E-01
891,52,25,800,900,5.45E-01
892,52,25,850,950,8.14E-01
893,53,25,0,100,1.52E+00
894,53,25,50,150,1.01E+00
895,53,25,100,200,1.27E+00
896,53,25,150,250,3.16E+00
897,53,25,200,300,4.03E+00
898,53,25,250,350,3.70E+00
899,53,25,300,400,3.93E+00
900,53,25,350,450,4.38E+00
901,53,25,400,500,4.38E+00
902,53,25,450,550,2.65E+00
903,53,25,500,600,4.76E+00
904,53,25,550,650,9.81E+00
905,53,25,600,700,2.38E+00
906,53,25,650,750,1.94E+00
907,53,25,700,800,1.05E+00
908,53,25,750,850,7.20E-01
909,53,25,800,900,6.24E-01
910,53,25,850,950,6.81E-01
911,54,25,0,100,1.21E+00
912,54,25,50,150,1.92E+00
913,54,25,100,200,2.24E+00
914,54,25,150,250,1.77E+00
915,54,25,200,300,2.54E+00
916,54,25,250,350,2.28E+00
917,54,25,300,400,1.57E+00
918,54,25,350,450,1.27E+00
919,54,25,400,500,1.27E+00
920,54,25,450,550,1.30E+00
921,54,25,500,600,1.61E+00
922,54,25,550,650,2.89E+00
923,54,25,600,700,1.28E+00
924,54,25,650,750,1.00E+00
925,54,25,700,800,7.89E-01
926,54,25,750,850,7.23E-01
927,54,25,800,900,6.14E-01
928,54,25,850,950,7.22E-01
929,55,25,0,100,1.63E+00
930,55,25,50,150,1.12E+00
931,55,25,100,200,2.05E+00
932,55,25,150,250,2.61E+00
933,55,25,200,300,2.88E+00
934,55,25,250,350,2.73E+00
935,55,25,300,400,2.56E+00
936,55,25,350,450,2.54E+00
937,55,25,400,500,2.55E+00
938,55,25,450,550,1.39E+00
939,55,25,500,600,1.57E+00
940,55,25,550,650,1.95E+00
941,55,25,600,700,1.79E+00
942,55,25,650,750,1.10E+00
943,55,25,700,800,8.08E-01
944,55,25,750,850,8.33E-01
945,55,25,800,900,6.81E-01
946,55,25,850,950,7.25E-01
947,56,25,0,100,2.63E+00
948,56,25,50,150,1.40E+00
949,56,25,100,200,1.61E+00
950,56,25,150,250,1.73E+00
951,56,25,200,300,1.99E+00
952,56,25,250,350,1.93E+00
953,56,25,300,400,1.77E+00
954,56,25,350,450,1.74E+00
955,56,25,400,500,1.74E+00
956,56,25,450,550,1.58E+00
957,56,25,500,600,2.59E+00
958,56,25,550,650,2.54E+00
959,56,25,600,700,1.51E+00
960,56,25,650,750,1.07E+00
961,56,25,700,800,6.61E-01
962,56,25,750,850,6.33E-01
963,56,25,800,900,6.14E-01
964,56,25,850,950,5.73E-01
965,57,25,0,100,7.11E+00
966,57,25,50,150,6.57E+00
967,57,25,100,200,7.93E+00
968,57,25,150,250,7.08E+00
969,57,25,200,300,1.34E+01
970,57,25,250,350,9.90E+00
971,57,25,300,400,8.94E+00
972,57,25,350,450,8.11E+00
973,57,25,400,500,8.14E+00
974,57,25,450,550,3.71E+00
975,57,25,500,600,3.05E+00
976,57,25,550,650,4.16E+00
977,57,25,600,700,2.44E+00
978,57,25,650,750,1.23E+00
979,57,25,700,800,6.30E-01
980,57,25,750,850,4.76E-01
981,57,25,800,900,4.79E-01
982,57,25,850,950,7.42E-01
983,58,25,0,100,9.09E+00
984,58,25,50,150,6.40E+00
985,58,25,100,200,2.10E+00
986,58,25,150,250,2.23E+00
987,58,25,200,300,2.91E+00
988,58,25,250,350,2.50E+00
989,58,25,300,400,2.14E+00
990,58,25,350,450,2.38E+00
991,58,25,400,500,2.61E+00
992,58,25,450,550,1.54E+00
993,58,25,500,600,2.57E+00
994,58,25,550,650,3.70E+00
995,58,25,600,700,1.60E+00
996,58,25,650,750,1.05E+00
997,58,25,700,800,1.16E+00
998,58,25,750,850,5.59E-01
999,58,25,800,900,7.82E-01
1000,58,25,850,950,8.15E-01
1001,59,25,0,100,1.21E+00
1002,59,25,50,150,1.27E+00
1003,59,25,100,200,1.39E+00
1004,59,25,150,250,2.08E+00
1005,59,25,200,300,2.33E+00
1006,59,25,250,350,2.15E+00
1007,59,25,300,400,2.09E+00
1008,59,25,350,450,1.94E+00
1009,59,25,400,500,1.94E+00
1010,59,25,450,550,1.79E+00
1011,59,25,500,600,4.08E+00
1012,59,25,550,650,7.95E+00
1013,59,25,600,700,2.74E+00
1014,59,25,650,750,1.39E+00
1015,59,25,700,800,5.83E-01
1016,59,25,750,850,6.93E-01
1017,59,25,800,900,4.48E-01
1018,59,25,850,950,4.59E-01
1019,60,25,0,100,1.46E+01
1020,60,25,50,150,8.57E+00
1021,60,25,100,200,4.46E+00
1022,60,25,150,250,3.06E+00
1023,60,25,200,300,4.34E+00
1024,60,25,250,350,3.12E+00
1025,60,25,300,400,3.17E+00
1026,60,25,350,450,2.88E+00
1027,60,25,400,500,2.88E+00
1028,60,25,450,550,2.40E+00
1029,60,25,500,600,4.17E+00
1030,60,25,550,650,4.39E+00
1031,60,25,600,700,2.59E+00
1032,60,25,650,750,1.64E+00
1033,60,25,700,800,1.24E+00
1034,60,25,750,850,1.37E+00
1035,60,25,800,900,1.39E+00
1036,60,25,850,950,1.22E+00
1037,61,25,50,150,1.90E+00
1038,61,25,100,200,2.39E+00
1039,61,25,150,250,3.33E+00
1040,61,25,200,300,4.46E+00
1041,61,25,250,350,3.65E+00
1042,61,25,300,400,4.19E+00
1043,61,25,350,450,3.93E+00
1044,61,25,400,500,3.26E+00
1045,61,25,450,550,3.59E+00
1046,61,25,500,600,3.59E+00
1047,61,25,550,650,4.51E+00
1048,61,25,600,700,2.45E+00
1049,61,25,650,750,1.05E+00
1050,61,25,700,800,9.81E-01
1051,61,25,750,850,5.19E-01
1052,61,25,800,900,6.04E-01
1053,61,25,850,950,7.40E-01
1054,62,25,0,100,1.77E+00
1055,62,25,50,150,4.65E+00
1056,62,25,100,200,1.33E+00
1057,62,25,150,250,2.72E+00
1058,62,25,200,300,2.59E+00
1059,62,25,250,350,2.60E+00
1060,62,25,300,400,2.13E+00
1061,62,25,350,450,1.80E+00
1062,62,25,400,500,1.80E+00
1063,62,25,450,550,1.45E+00
1064,62,25,500,600,1.67E+00
1065,62,25,550,650,2.19E+00
1066,62,25,600,700,1.73E+00
1067,62,25,650,750,1.35E+00
1068,62,25,700,800,1.08E+00
1069,62,25,750,850,6.51E-01
1070,62,25,800,900,8.21E-01
1071,62,25,850,950,9.76E-01
1072,63,25,0,100,2.63E+00
1073,63,25,50,150,1.85E+00
1074,63,25,100,200,1.22E+00
1075,63,25,150,250,1.23E+00
1076,63,25,200,300,1.96E+00
1077,63,25,250,350,1.97E+00
1078,63,25,300,400,2.27E+00
1079,63,25,350,450,2.27E+00
1080,63,25,400,500,2.27E+00
1081,63,25,450,550,1.15E+00
1082,63,25,500,600,1.85E+00
1083,63,25,550,650,1.99E+00
1084,63,25,600,700,1.35E+00
1085,63,25,650,750,9.34E-01
1086,63,25,700,800,6.81E-01
1087,63,25,750,850,7.01E-01
1088,63,25,800,900,6.12E-01
1089,63,25,850,950,6.48E-01
1090,64,25,0,100,1.53E+00
1091,64,25,50,150,1.14E+00
1092,64,25,100,200,2.98E+00
1093,64,25,150,250,3.41E+00
1094,64,25,200,300,4.41E+00
1095,64,25,250,350,4.08E+00
1096,64,25,300,400,4.30E+00
1097,64,25,350,450,4.28E+00
1098,64,25,400,500,4.30E+00
1099,64,25,450,550,1.74E+00
1100,64,25,500,600,2.82E+00
1101,64,25,550,650,4.26E+00
1102,64,25,600,700,1.71E+00
1103,64,25,650,750,1.60E+00
1104,64,25,700,800,1.37E+00
1105,64,25,750,850,7.48E-01
1106,64,25,800,900,7.27E-01
1107,64,25,850,950,7.62E-01
1108,65,25,0,100,2.72E+00
1109,65,25,50,150,1.83E+00
1110,65,25,100,200,8.97E-01
1111,65,25,150,250,1.69E+00
1112,65,25,200,300,2.66E+00
1113,65,25,250,350,1.70E+00
1114,65,25,300,400,1.67E+00
1115,65,25,350,450,1.59E+00
1116,65,25,400,500,1.58E+00
1117,65,25,450,550,1.04E+00
1118,65,25,500,600,1.39E+00
1119,65,25,550,650,1.81E+00
1120,65,25,600,700,1.25E+00
1121,65,25,650,750,1.04E+00
1122,65,25,700,800,7.82E-01
1123,65,25,750,850,9.00E-01
1124,65,25,800,900,7.71E-01
1125,65,25,850,950,9.69E-01
1126,66,25,100,200,1.38E+00
1127,66,25,150,250,1.29E+00
1128,66,25,200,300,3.68E+00
1129,66,25,250,350,4.20E+00
1130,66,25,300,400,2.50E+00
1131,66,25,350,450,1.84E+00
1132,66,25,400,500,1.82E+00
1133,66,25,450,550,1.57E+00
1134,66,25,500,600,1.62E+00
1135,66,25,550,650,3.05E+00
1136,66,25,600,700,1.55E+00
1137,66,25,650,750,1.14E+00
1138,66,25,700,800,1.36E+00
1139,66,25,750,850,9.49E-01
1140,66,25,800,900,1.44E+00
1141,66,25,850,950,1.77E+00
1142,67,25,0,100,2.65E+00
1143,67,25,50,150,1.88E+00
1144,67,25,100,200,2.41E+00
1145,67,25,150,250,5.54E+00
1146,67,25,200,300,5.69E+00
1147,67,25,250,350,3.13E+00
1148,67,25,300,400,2.41E+00
1149,67,25,350,450,3.84E+00
1150,67,25,400,500,3.85E+00
1151,67,25,450,550,1.73E+00
1152,67,25,500,600,1.81E+00
1153,67,25,550,650,2.98E+00
1154,67,25,600,700,1.79E+00
1155,67,25,650,750,9.23E-01
1156,67,25,700,800,6.25E-01
1157,67,25,750,850,5.44E-01
1158,67,25,800,900,5.77E-01
1159,67,25,850,950,5.15E-01
1160,68,25,0,100,1.03E+01
1161,68,25,50,150,2.61E+00
1162,68,25,100,200,1.28E+00
1163,68,25,150,250,2.02E+00
1164,68,25,200,300,3.18E+00
1165,68,25,250,350,2.77E+00
1166,68,25,300,400,2.61E+00
1167,68,25,350,450,2.73E+00
1168,68,25,400,500,2.73E+00
1169,68,25,450,550,2.01E+00
1170,68,25,500,600,2.38E+00
1171,68,25,550,650,3.05E+00
1172,68,25,600,700,1.88E+00
1173,68,25,650,750,1.54E+00
1174,68,25,700,800,1.91E+00
1175,68,25,750,850,1.42E+00
1176,68,25,800,900,1.12E+00
1177,68,25,850,950,1.66E+00
1178,69,25,0,100,2.94E+00
1179,69,25,50,150,1.42E+00
1180,69,25,100,200,9.44E-01
1181,69,25,150,250,1.61E+00
1182,69,25,200,300,4.05E+00
1183,69,25,250,350,2.51E+00
1184,69,25,300,400,1.54E+00
1185,69,25,350,450,1.67E+00
1186,69,25,400,500,1.67E+00
1187,69,25,450,550,1.20E+00
1188,69,25,500,600,1.99E+00
1189,69,25,550,650,2.21E+00
1190,69,25,600,700,1.42E+00
1191,69,25,650,750,1.04E+00
1192,69,25,700,800,7.36E-01
1193,69,25,750,850,6.95E-01
1194,69,25,800,900,7.37E-01
1195,69,25,850,950,1.26E+00
1196,70,25,50,150,2.02E+00
1197,70,25,100,200,1.90E+00
1198,70,25,150,250,1.47E+00
1199,70,25,200,300,2.37E+00
1200,70,25,250,350,2.05E+00
1201,70,25,300,400,2.51E+00
1202,70,25,350,450,2.28E+00
1203,70,25,400,500,2.29E+00
1204,70,25,450,550,2.61E+00
1205,70,25,500,600,2.83E+00
1206,70,25,550,650,3.43E+00
1207,70,25,600,700,2.82E+00
1208,70,25,650,750,2.03E+00
1209,70,25,700,800,1.04E+00
1210,70,25,750,850,7.81E-01
1211,70,25,800,900,6.73E-01
1212,70,25,850,950,8.26E-01
1213,71,25,0,100,2.82E+00
1214,71,25,50,150,2.45E+00
1215,71,25,100,200,2.25E+00
1216,71,25,150,250,2.51E+00
1217,71,25,200,300,2.84E+00
1218,71,25,250,350,2.73E+00
1219,71,25,300,400,2.72E+00
1220,71,25,350,450,2.28E+00
1221,71,25,400,500,2.28E+00
1222,71,25,450,550,1.59E+00
1223,71,25,500,600,2.10E+00
1224,71,25,550,650,2.58E+00
1225,71,25,600,700,1.71E+00
1226,71,25,650,750,1.47E+00
1227,71,25,700,800,1.12E+00
1228,71,25,750,850,4.70E-01
1229,71,25,800,900,4.77E-01
1230,71,25,850,950,5.07E-01
1231,72,25,0,100,3.90E+00
1232,72,25,50,150,2.46E+00
1233,72,25,100,200,8.25E-01
1234,72,25,150,250,1.37E+00
1235,72,25,200,300,1.51E+00
1236,72,25,250,350,1.98E+00
1237,72,25,300,400,1.41E+00
1238,72,25,350,450,1.32E+00
1239,72,25,400,500,1.33E+00
1240,72,25,450,550,1.43E+00
1241,72,25,500,600,2.26E+00
1242,72,25,550,650,3.18E+00
1243,72,25,600,700,2.11E+00
1244,72,25,650,750,1.01E+00
1245,72,25,700,800,7.89E-01
1246,72,25,750,850,7.99E-01
1247,72,25,800,900,8.25E-01
1248,72,25,850,950,7.41E-01
1249,73,25,0,100,2.94E+00
1250,73,25,50,150,2.66E+00
1251,73,25,100,200,3.62E+00
1252,73,25,150,250,5.28E+00
1253,73,25,200,300,5.50E+00
1254,73,25,250,350,5.45E+00
1255,73,25,300,400,5.96E+00
1256,73,25,350,450,3.84E+00
1257,73,25,400,500,3.86E+00
1258,73,25,450,550,3.09E+00
1259,73,25,500,600,4.12E+00
1260,73,25,550,650,5.25E+00
1261,73,25,600,700,3.70E+00
1262,73,25,650,750,1.90E+00
1263,73,25,700,800,1.68E+00
1264,73,25,750,850,8.75E-01
1265,73,25,800,900,6.34E-01
1266,73,25,850,950,6.60E-01
1267,74,25,0,100,2.78E+00
1268,74,25,50,150,1.84E+00
1269,74,25,100,200,2.05E+00
1270,74,25,150,250,2.16E+00
1271,74,25,200,300,3.07E+00
1272,74,25,250,350,2.29E+00
1273,74,25,300,400,2.50E+00
1274,74,25,350,450,2.40E+00
1275,74,25,400,500,2.41E+00
1276,74,25,450,550,1.65E+00
1277,74,25,500,600,2.93E+00
1278,74,25,550,650,3.08E+00
1279,74,25,600,700,2.06E+00
1280,74,25,650,750,2.28E+00
1281,74,25,700,800,1.10E+00
1282,74,25,750,850,8.51E-01
1283,74,25,800,900,1.25E+00
1284,74,25,850,950,1.65E+00
1285,75,25,500,600,4.59E+00
1286,75,25,550,650,3.72E+00
1287,75,25,600,700,1.58E+00
1288,75,25,650,750,9.17E-01
1289,75,25,700,800,6.55E-01
1290,75,25,750,850,5.75E-01
1291,75,25,800,900,6.25E-01
1292,75,25,850,950,7.17E-01
1293,76,25,550,650,2.11E+00
1294,76,25,600,700,1.75E+00
1295,76,25,650,750,1.04E+00
1296,76,25,700,800,6.94E-01
1297,76,25,750,850,6.16E-01
1298,76,25,800,900,4.76E-01
1299,76,25,850,950,4.79E-01
1300,77,25,550,650,2.95E+00
1301,77,25,600,700,2.07E+00
1302,77,25,650,750,1.36E+00
1303,77,25,700,800,1.11E+00
1304,77,25,750,850,8.62E-01
1305,77,25,800,900,8.97E-01
1306,77,25,850,950,8.44E-01
1307,78,25,0,100,4.63E+00
1308,78,25,50,150,3.33E+00
1309,78,25,100,200,4.02E+00
1310,78,25,150,250,4.59E+00
1311,78,25,200,300,7.01E+00
1312,78,25,250,350,9.29E+00
1313,78,25,300,400,5.73E+00
1314,78,25,350,450,5.81E+00
1315,78,25,400,500,4.83E+00
1316,78,25,450,550,3.87E+00
1317,78,25,500,600,3.96E+00
1318,78,25,550,650,5.10E+00
1319,78,25,600,700,3.76E+00
1320,78,25,650,750,2.02E+00
1321,78,25,700,800,8.90E-01
1322,78,25,750,850,6.60E-01
1323,78,25,800,900,6.80E-01
1324,78,25,850,950,8.18E-01
1325,79,25,0,100,1.28E+00
1326,79,25,50,150,5.53E+00
1327,79,25,100,200,5.09E+00
1328,79,25,150,250,4.47E+00
1329,79,25,200,300,4.18E+00
1330,79,25,250,350,3.05E+00
1331,79,25,300,400,3.57E+00
1332,79,25,350,450,2.78E+00
1333,79,25,400,500,2.80E+00
1334,79,25,450,550,2.09E+00
1335,79,25,500,600,3.18E+00
1336,79,25,550,650,2.18E+00
1337,79,25,600,700,2.12E+00
1338,79,25,650,750,1.44E+00
1339,79,25,700,800,1.77E+00
1340,79,25,750,850,1.81E+00
1341,79,25,800,900,1.39E+00
1342,79,25,850,950,1.26E+00
1343,80,25,0,100,3.06E+00
1344,80,25,50,150,2.99E+00
1345,80,25,100,200,1.70E+00
1346,80,25,150,250,1.67E+00
1347,80,25,200,300,2.10E+00
1348,80,25,250,350,1.91E+00
1349,80,25,300,400,1.71E+00
1350,80,25,350,450,1.96E+00
1351,80,25,400,500,1.94E+00
1352,80,25,450,550,1.68E+00
1353,80,25,500,600,1.62E+00
1354,80,25,550,650,2.33E+00
1355,80,25,600,700,1.59E+00
1356,80,25,650,750,1.06E+00
1357,80,25,700,800,5.76E-01
1358,80,25,750,850,4.78E-01
1359,80,25,800,900,4.74E-01
1360,80,25,850,950,5.16E-01
1361,81,25,0,100,2.65E+00
1362,81,25,50,150,1.69E+00
1363,81,25,100,200,1.32E+00
1364,81,25,150,250,1.67E+00
1365,81,25,200,300,2.20E+00
1366,81,25,250,350,1.26E+00
1367,81,25,300,400,1.32E+00
1368,81,25,350,450,1.25E+00
1369,81,25,400,500,1.25E+00
1370,81,25,450,550,1.25E+00
1371,81,25,500,600,1.55E+00
1372,81,25,550,650,1.56E+00
1373,81,25,600,700,1.34E+00
1374,81,25,650,750,8.63E-01
1375,81,25,700,800,6.14E-01
1376,81,25,750,850,5.08E-01
1377,81,25,800,900,5.52E-01
1378,81,25,850,950,1.22E+00
1379,82,25,0,100,9.63E+00
1380,82,25,50,150,3.10E+00
1381,82,25,100,200,2.93E+00
1382,82,25,150,250,2.58E+00
1383,82,25,200,300,3.72E+00
1384,82,25,250,350,2.44E+00
1385,82,25,300,400,2.63E+00
1386,82,25,350,450,2.69E+00
1387,82,25,400,500,2.68E+00
1388,82,25,450,550,1.91E+00
1389,82,25,500,600,2.08E+00
1390,82,25,550,650,2.50E+00
1391,82,25,600,700,1.86E+00
1392,82,25,650,750,1.70E+00
1393,82,25,700,800,1.04E+00
1394,82,25,750,850,8.96E-01
1395,82,25,800,900,6.94E-01
1396,82,25,850,950,8.58E-01
1397,83,25,0,100,1.03E+00
1398,83,25,50,150,1.08E+00
1399,83,25,100,200,8.56E-01
1400,83,25,150,250,1.27E+00
1401,83,25,200,300,1.93E+00
1402,83,25,250,350,1.89E+00
1403,83,25,300,400,2.03E+00
1404,83,25,350,450,2.08E+00
1405,83,25,400,500,2.08E+00
1406,83,25,450,550,2.14E+00
1407,83,25,500,600,2.08E+00
1408,83,25,550,650,2.66E+00
1409,83,25,600,700,1.27E+00
1410,83,25,650,750,1.01E+00
1411,83,25,700,800,1.57E+00
1412,83,25,750,850,1.50E+00
1413,83,25,800,900,1.91E+00
1414,83,25,850,950,1.82E+00
1415,84,25,0,100,4.89E+00
1416,84,25,50,150,2.27E+00
1417,84,25,100,200,1.25E+00
1418,84,25,150,250,2.13E+00
1419,84,25,200,300,2.75E+00
1420,84,25,250,350,3.58E+00
1421,84,25,300,400,2.86E+00
1422,84,25,350,450,2.64E+00
1423,84,25,400,500,2.64E+00
1424,84,25,450,550,1.59E+00
1425,84,25,500,600,2.30E+00
1426,84,25,550,650,2.13E+00
1427,84,25,600,700,1.73E+00
1428,84,25,650,750,1.02E+00
1429,84,25,700,800,7.09E-01
1430,84,25,750,850,4.84E-01
1431,84,25,800,900,4.30E-01
1432,84,25,850,950,5.69E-01
1433,85,25,0,100,9.23E-01
1434,85,25,50,150,9.14E-01
1435,85,25,100,200,1.03E+00
1436,85,25,150,250,2.59E+00
1437,85,25,200,300,1.59E+00
1438,85,25,250,350,1.79E+00
1439,85,25,300,400,1.59E+00
1440,85,25,350,450,1.70E+00
1441,85,25,400,500,1.70E+00
1442,85,25,450,550,8.61E-01
1443,85,25,500,600,1.60E+00
1444,85,25,550,650,1.61E+00
1445,85,25,600,700,1.15E+00
1446,85,25,650,750,7.48E-01
1447,85,25,700,800,5.94E-01
1448,85,25,750,850,6.25E-01
1449,85,25,800,900,5.36E-01
1450,85,25,850,950,5.52E-01
1451,86,25,0,100,3.39E+00
1452,86,25,50,150,2.20E+00
1453,86,25,100,200,1.34E+00
1454,86,25,150,250,1.88E+00
1455,86,25,200,300,3.70E+00
1456,86,25,250,350,3.04E+00
1457,86,25,300,400,2.50E+00
1458,86,25,350,450,2.35E+00
1459,86,25,400,500,2.33E+00
1460,86,25,450,550,1.66E+00
1461,86,25,500,600,2.76E+00
1462,86,25,550,650,4.05E+00
1463,86,25,600,700,1.90E+00
1464,86,25,650,750,1.39E+00
1465,86,25,700,800,8.94E-01
1466,86,25,750,850,9.27E-01
1467,86,25,800,900,8.10E-01
1468,86,25,850,950,9.07E-01
1469,87,25,0,100,1.84E+00
1470,87,25,50,150,1.53E+00
1471,87,25,100,200,1.42E+00
1472,87,25,150,250,2.54E+00
1473,87,25,200,300,2.30E+00
1474,87,25,250,350,2.46E+00
1475,87,25,300,400,1.88E+00
1476,87,25,350,450,1.99E+00
1477,87,25,400,500,1.81E+00
1478,87,25,450,550,1.56E+00
1479,87,25,500,600,1.81E+00
1480,87,25,550,650,1.70E+00
1481,87,25,600,700,1.41E+00
1482,87,25,650,750,1.11E+00
1483,87,25,700,800,9.94E-01
1484,87,25,750,850,1.10E+00
1485,87,25,800,900,5.08E-01
1486,87,25,850,950,9.01E-01
1487,88,25,0,100,1.26E+00
1488,88,25,50,150,1.24E+00
1489,88,25,100,200,1.37E+00
1490,88,25,150,250,1.83E+00
1491,88,25,200,300,3.68E+00
1492,88,25,250,350,3.01E+00
1493,88,25,300,400,3.54E+00
1494,88,25,350,450,3.09E+00
1495,88,25,400,500,3.09E+00
1496,88,25,450,550,1.83E+00
1497,88,25,500,600,2.99E+00
1498,88,25,550,650,4.33E+00
1499,88,25,600,700,1.91E+00
1500,88,25,650,750,1.89E+00
1501,88,25,700,800,1.13E+00
1502,88,25,750,850,1.01E+00
1503,88,25,800,900,9.45E-01
1504,88,25,850,950,9.35E-01
1505,89,25,600,700,1.78E+00
1506,89,25,650,750,1.21E+00
1507,89,25,700,800,9.94E-01
1508,89,25,750,850,6.04E-01
1509,89,25,800,900,5.35E-01
1510,89,25,850,950,5.32E-01
1511,90,25,0,100,2.54E+00
1512,90,25,50,150,1.54E+00
1513,90,25,100,200,1.16E+00
1514,90,25,150,250,2.68E+00
1515,90,25,200,300,3.69E+00
1516,90,25,250,350,4.77E+00
1517,90,25,300,400,2.96E+00
1518,90,25,350,450,2.87E+00
1519,90,25,400,500,2.86E+00
1520,90,25,450,550,2.56E+00
1521,90,25,500,600,4.72E+00
1522,90,25,550,650,5.37E+00
1523,90,25,600,700,2.43E+00
1524,90,25,650,750,1.81E+00
1525,90,25,700,800,1.71E+00
1526,90,25,750,850,1.51E+00
1527,90,25,800,900,1.37E+00
1528,90,25,850,950,1.23E+00
1529,91,25,50,150,1.54E+00
1530,91,25,100,200,1.48E+00
1531,91,25,150,250,2.57E+00
1532,91,25,200,300,3.14E+00
1533,91,25,250,350,2.50E+00
1534,91,25,300,400,2.87E+00
1535,91,25,350,450,2.84E+00
1536,91,25,400,500,2.84E+00
1537,91,25,450,550,3.60E+00
1538,91,25,500,600,8.42E+00
1539,91,25,550,650,1.83E+01
1540,91,25,600,700,5.53E+00
1541,91,25,650,750,1.90E+00
1542,91,25,700,800,1.10E+00
1543,91,25,750,850,5.88E-01
1544,91,25,800,900,5.74E-01
1545,91,25,850,950,5.91E-01
1546,92,25,0,100,4.07E+00
1547,92,25,50,150,2.28E+00
1548,92,25,100,200,1.78E+00
1549,92,25,150,250,3.60E+00
1550,92,25,200,300,3.90E+00
1551,92,25,250,350,3.65E+00
1552,92,25,300,400,3.81E+00
1553,92,25,350,450,2.94E+00
1554,92,25,400,500,2.92E+00
1555,92,25,450,550,3.19E+00
1556,92,25,500,600,2.88E+00
1557,92,25,550,650,2.32E+00
1558,92,25,600,700,2.24E+00
1559,92,25,650,750,1.58E+00
1560,92,25,700,800,1.21E+00
1561,92,25,750,850,9.65E-01
1562,92,25,800,900,6.52E-01
1563,92,25,850,950,7.69E-01
1564,93,25,0,100,1.03E+01
1565,93,25,50,150,4.19E+00
1566,93,25,100,200,3.50E+00
1567,93,25,150,250,5.67E+00
1568,93,25,200,300,5.43E+00
1569,93,25,250,350,3.96E+00
1570,93,25,300,400,2.71E+00
1571,93,25,350,450,2.45E+00
1572,93,25,400,500,2.55E+00
1573,93,25,450,550,2.00E+00
1574,93,25,500,600,1.86E+00
1575,93,25,550,650,2.80E+00
1576,93,25,600,700,1.94E+00
1577,93,25,650,750,1.66E+00
1578,93,25,700,800,1.05E+00
1579,93,25,750,850,1.01E+00
1580,93,25,800,900,1.07E+00
1581,93,25,850,950,8.93E-01
1582,94,25,100,200,1.32E+00
1583,94,25,150,250,1.53E+00
1584,94,25,200,300,3.63E+00
1585,94,25,250,350,3.23E+00
1586,94,25,300,400,2.74E+00
1587,94,25,350,450,1.52E+00
1588,94,25,400,500,1.54E+00
1589,94,25,450,550,2.82E+00
1590,94,25,500,600,2.45E+00
1591,94,25,550,650,2.70E+00
1592,94,25,600,700,2.60E+00
1593,94,25,650,750,1.88E+00
1594,94,25,700,800,8.79E+00
1595,94,25,750,850,1.21E+01
1596,94,25,800,900,7.01E+00
1597,94,25,850,950,5.12E+00
1598,95,25,0,100,1.54E+00
1599,95,25,50,150,1.23E+00
1600,95,25,100,200,8.53E-01
1601,95,25,150,250,2.97E+00
1602,95,25,200,300,3.17E+00
1603,95,25,250,350,3.50E+00
1604,95,25,300,400,3.88E+00
1605,95,25,350,450,3.56E+00
1606,95,25,400,500,3.77E+00
1607,95,25,450,550,3.42E+00
1608,95,25,500,600,5.13E+00
1609,95,25,550,650,8.20E+00
1610,95,25,600,700,2.89E+00
1611,95,25,650,750,1.41E+00
1612,95,25,700,800,9.63E-01
1613,95,25,750,850,7.82E-01
1614,95,25,800,900,1.52E+00
1615,95,25,850,950,1.25E+00
1616,96,25,600,700,1.74E+00
1617,96,25,650,750,1.11E+00
1618,96,25,700,800,9.26E-01
1619,96,25,750,850,7.63E-01
1620,96,25,800,900,8.84E-01
1621,96,25,850,950,7.48E-01
1622,97,25,0,100,5.63E+01
1623,97,25,50,150,1.47E+01
1624,97,25,100,200,8.61E+00
1625,97,25,150,250,3.82E+00
1626,97,25,200,300,3.93E+00
1627,97,25,250,350,2.55E+00
1628,97,25,300,400,3.12E+00
1629,97,25,350,450,3.17E+00
1630,97,25,400,500,3.18E+00
1631,97,25,450,550,2.30E+00
1632,97,25,500,600,3.06E+00
1633,97,25,550,650,6.38E+00
1634,97,25,600,700,3.38E+00
1635,97,25,650,750,1.31E+00
1636,97,25,700,800,1.22E+00
1637,97,25,750,850,1.05E+00
1638,97,25,800,900,9.06E-01
1639,97,25,850,950,1.63E+00
1640,98,25,0,100,6.86E+00
1641,98,25,50,150,1.08E+01
1642,98,25,100,200,3.23E+00
1643,98,25,150,250,2.43E+00
1644,98,25,200,300,3.61E+00
1645,98,25,250,350,3.12E+00
1646,98,25,300,400,2.48E+00
1647,98,25,350,450,2.10E+00
1648,98,25,400,500,2.10E+00
1649,98,25,450,550,1.96E+00
1650,98,25,500,600,2.14E+00
1651,98,25,550,650,1.98E+00
1652,98,25,600,700,1.52E+00
1653,98,25,650,750,1.28E+00
1654,98,25,700,800,9.93E-01
1655,98,25,750,850,7.78E-01
1656,98,25,800,900,7.61E-01
1657,98,25,850,950,7.56E-01
1658,99,25,100,200,3.70E+00
1659,99,25,150,250,4.42E+00
1660,99,25,200,300,9.11E+00
1661,99,25,250,350,7.24E+00
1662,99,25,300,400,6.91E+00
1663,99,25,350,450,5.81E+00
1664,99,25,400,500,5.83E+00
1665,99,25,450,550,3.55E+00
1666,99,25,500,600,2.99E+00
1667,99,25,550,650,5.95E+00
1668,99,25,600,700,1.63E+00
1669,99,25,650,750,1.29E+00
1670,99,25,700,800,1.64E+00
1671,99,25,750,850,1.10E+00
1672,99,25,800,900,7.07E-01
1673,99,25,850,950,8.06E-01
1674,100,25,0,100,2.81E+01
1675,100,25,50,150,4.72E+00
1676,100,25,100,200,1.50E+00
1677,100,25,150,250,1.73E+00
1678,100,25,200,300,1.99E+00
1679,100,25,250,350,1.70E+00
1680,100,25,300,400,1.96E+00
1681,100,25,350,450,1.74E+00
1682,100,25,400,500,1.76E+00
1683,100,25,450,550,1.21E+00
1684,100,25,500,600,1.72E+00
1685,100,25,550,650,2.00E+00
1686,100,25,600,700,1.34E+00
1687,100,25,650,750,1.21E+00
1688,100,25,700,800,8.22E-01
1689,100,25,750,850,6.05E-01
1690,100,25,800,900,6.14E-01
1691,100,25,850,950,7.38E-01
1692,101,25,0,100,2.98E+00
1693,101,25,50,150,2.06E+00
1694,101,25,100,200,1.17E+00
1695,101,25,150,250,1.49E+00
1696,101,25,200,300,2.56E+00
1697,101,25,250,350,1.87E+00
1698,101,25,300,400,1.99E+00
1699,101,25,350,450,2.02E+00
1700,101,25,400,500,2.02E+00
1701,101,25,450,550,1.87E+00
1702,101,25,500,600,2.26E+00
1703,101,25,550,650,2.98E+00
1704,101,25,600,700,1.83E+00
1705,101,25,650,750,1.25E+00
1706,101,25,700,800,8.20E-01
1707,101,25,750,850,8.64E-01
1708,101,25,800,900,8.08E-01
1709,101,25,850,950,1.27E+00
1710,102,25,0,100,3.62E+00
1711,102,25,50,150,2.88E+00
1712,102,25,100,200,2.21E+00
1713,102,25,150,250,6.39E+00
1714,102,25,200,300,6.36E+00
1715,102,25,250,350,4.44E+00
1716,102,25,300,400,4.15E+00
1717,102,25,350,450,5.89E+00
1718,102,25,400,500,5.91E+00
1719,102,25,450,550,2.23E+00
1720,102,25,500,600,3.20E+00
1721,102,25,550,650,5.09E+00
1722,102,25,600,700,2.40E+00
1723,102,25,650,750,1.79E+00
1724,102,25,700,800,1.58E+00
1725,102,25,750,850,1.10E+00
1726,102,25,800,900,7.31E-01
1727,102,25,850,950,8.88E-01
1728,103,25,0,100,4.40E+00
1729,103,25,50,150,2.19E+00
1730,103,25,100,200,1.62E+00
1731,103,25,150,250,1.90E+00
1732,103,25,200,300,2.00E+00
1733,103,25,250,350,1.56E+00
1734,103,25,300,400,1.54E+00
1735,103,25,350,450,1.50E+00
1736,103,25,400,500,1.50E+00
1737,103,25,450,550,1.36E+00
1738,103,25,500,600,1.69E+00
1739,103,25,550,650,4.51E+00
1740,103,25,600,700,1.55E+00
1741,103,25,650,750,1.03E+00
1742,103,25,700,800,1.12E+00
1743,103,25,750,850,8.50E-01
1744,103,25,800,900,6.50E-01
1745,103,25,850,950,6.71E-01
1746,104,25,0,100,3.10E+00
1747,104,25,50,150,2.58E+00
1748,104,25,100,200,2.89E+00
1749,104,25,150,250,3.10E+00
1750,104,25,200,300,3.33E+00
1751,104,25,250,350,3.21E+00
1752,104,25,300,400,2.82E+00
1753,104,25,350,450,3.33E+00
1754,104,25,400,500,3.17E+00
1755,104,25,450,550,1.70E+00
1756,104,25,500,600,2.16E+00
1757,104,25,550,650,2.75E+00
1758,104,25,600,700,1.53E+00
1759,104,25,650,750,1.26E+00
1760,104,25,700,800,8.69E-01
1761,104,25,750,850,5.85E-01
1762,104,25,800,900,5.50E-01
1763,104,25,850,950,5.61E-01
1764,105,25,0,100,1.11E+01
1765,105,25,50,150,5.22E+00
1766,105,25,100,200,1.26E+00
1767,105,25,150,250,4.15E+00
1768,105,25,200,300,4.00E+00
1769,105,25,250,350,3.64E+00
1770,105,25,300,400,3.69E+00
1771,105,25,350,450,4.70E+00
1772,105,25,400,500,4.71E+00
1773,105,25,450,550,3.28E+00
1774,105,25,500,600,4.53E+00
1775,105,25,550,650,3.98E+00
1776,105,25,600,700,4.46E+00
1777,105,25,650,750,2.20E+00
1778,105,25,700,800,3.47E+00
1779,105,25,750,850,4.46E+00
1780,105,25,800,900,4.63E+00
1781,105,25,850,950,3.42E+00
1782,106,25,0,100,1.59E+00
1783,106,25,50,150,2.13E+00
1784,106,25,100,200,1.81E+00
1785,106,25,150,250,2.18E+00
1786,106,25,200,300,3.50E+00
1787,106,25,250,350,2.47E+00
1788,106,25,300,400,4.00E+00
1789,106,25,350,450,4.08E+00
1790,106,25,400,500,4.07E+00
1791,106,25,450,550,2.32E+00
1792,106,25,500,600,2.39E+00
1793,106,25,550,650,2.81E+00
1794,106,25,600,700,1.85E+00
1795,106,25,650,750,1.56E+00
1796,106,25,700,800,9.41E-01
1797,106,25,750,850,7.19E-01
1798,106,25,800,900,5.12E-01
1799,106,25,850,950,8.70E-01
1800,107,25,0,100,1.35E+01
1801,107,25,50,150,6.42E+00
1802,107,25,100,200,2.78E+00
1803,107,25,150,250,3.11E+00
1804,107,25,200,300,3.89E+00
1805,107,25,250,350,3.89E+00
1806,107,25,300,400,4.08E+00
1807,107,25,350,450,2.89E+00
1808,107,25,400,500,2.90E+00
1809,107,25,450,550,1.36E+00
1810,107,25,500,600,2.35E+00
1811,107,25,550,650,2.65E+00
1812,107,25,600,700,1.40E+00
1813,107,25,650,750,1.30E+00
1814,107,25,700,800,9.45E-01
1815,107,25,750,850,9.35E-01
1816,107,25,800,900,9.90E-01
1817,107,25,850,950,1.63E+00
1818,108,25,0,100,2.59E+00
1819,108,25,50,150,2.13E+00
1820,108,25,100,200,1.10E+00
1821,108,25,150,250,1.90E+00
1822,108,25,200,300,2.00E+00
1823,108,25,250,350,2.28E+00
1824,108,25,300,400,2.73E+00
1825,108,25,350,450,2.73E+00
1826,108,25,400,500,2.73E+00
1827,108,25,450,550,1.86E+00
1828,108,25,500,600,3.26E+00
1829,108,25,550,650,2.16E+00
1830,108,25,600,700,1.57E+00
1831,108,25,650,750,1.28E+00
1832,108,25,700,800,8.67E-01
1833,108,25,750,850,6.65E-01
1834,108,25,800,900,6.95E-01
1835,108,25,850,950,7.61E-01
1836,109,25,0,100,3.95E+00
1837,109,25,50,150,1.95E+00
1838,109,25,100,200,1.82E+00
1839,109,25,150,250,2.33E+00
1840,109,25,200,300,2.42E+00
1841,109,25,250,350,2.00E+00
1842,109,25,300,400,2.08E+00
1843,109,25,350,450,2.11E+00
1844,109,25,400,500,2.11E+00
1845,109,25,450,550,1.74E+00
1846,109,25,500,600,2.50E+00
1847,109,25,550,650,3.77E+00
1848,109,25,600,700,1.64E+00
1849,109,25,650,750,1.29E+00
1850,109,25,700,800,8.17E-01
1851,109,25,750,850,6.71E-01
1852,109,25,800,900,5.89E-01
1853,109,25,850,950,8.17E-01
1854,110,25,0,100,1.84E+00
1855,110,25,50,150,1.87E+00
1856,110,25,100,200,1.47E+00
1857,110,25,150,250,2.47E+00
1858,110,25,200,300,3.22E+00
1859,110,25,250,350,1.96E+00
1860,110,25,300,400,2.77E+00
1861,110,25,350,450,2.91E+00
1862,110,25,400,500,2.89E+00
1863,110,25,450,550,1.87E+00
1864,110,25,500,600,1.29E+00
1865,110,25,550,650,1.79E+00
1866,110,25,600,700,3.21E+00
1867,110,25,650,750,1.47E+00
1868,110,25,700,800,8.86E-01
1869,110,25,750,850,6.36E-01
1870,110,25,800,900,7.57E-01
1871,110,25,850,950,9.99E-01
1872,111,25,0,100,2.88E+01
1873,111,25,50,150,3.54E+00
1874,111,25,100,200,7.37E-01
1875,111,25,150,250,1.30E+00
1876,111,25,200,300,2.09E+00
1877,111,25,250,350,2.33E+00
1878,111,25,300,400,1.84E+00
1879,111,25,350,450,1.72E+00
1880,111,25,400,500,1.74E+00
1881,111,25,450,550,1.46E+00
1882,111,25,500,600,1.80E+00
1883,111,25,550,650,2.03E+00
1884,111,25,600,700,1.77E+00
1885,111,25,650,750,1.28E+00
1886,111,25,700,800,1.19E+00
1887,111,25,750,850,9.64E-01
1888,111,25,800,900,1.09E+00
1889,111,25,850,950,1.51E+00
1890,112,25,450,550,1.09E+00
1891,112,25,500,600,1.66E+00
1892,112,25,550,650,1.51E+00
1893,112,25,600,700,1.17E+00
1894,112,25,650,750,1.41E+00
1895,112,25,700,800,1.21E+00
1896,112,25,750,850,9.60E-01
1897,112,25,800,900,7.20E-01
1898,112,25,850,950,6.94E-01
1899,113,25,0,100,3.61E+00
1900,113,25,50,150,3.09E+00
1901,113,25,100,200,1.68E+00
1902,113,25,150,250,1.79E+00
1903,113,25,200,300,3.24E+00
1904,113,25,250,350,1.80E+00
1905,113,25,300,400,1.81E+00
1906,113,25,350,450,2.43E+00
1907,113,25,400,500,2.41E+00
1908,113,25,450,550,1.91E+00
1909,113,25,500,600,1.68E+00
1910,113,25,550,650,1.88E+00
1911,113,25,600,700,1.71E+00
1912,113,25,650,750,1.33E+00
1913,113,25,700,800,1.02E+00
1914,113,25,750,850,7.55E-01
1915,113,25,800,900,6.25E-01
1916,113,25,850,950,8.17E-01
1917,114,25,100,200,3.14E+00
1918,114,25,150,250,3.25E+00
1919,114,25,200,300,5.64E+00
1920,114,25,250,350,3.78E+00
1921,114,25,300,400,4.25E+00
1922,114,25,350,450,4.06E+00
1923,114,25,400,500,4.08E+00
1924,114,25,450,550,2.60E+00
1925,114,25,500,600,2.90E+00
1926,114,25,550,650,2.32E+00
1927,114,25,600,700,2.24E+00
1928,114,25,650,750,1.43E+00
1929,114,25,700,800,1.12E+00
1930,114,25,750,850,7.55E-01
1931,114,25,800,900,7.19E-01
1932,114,25,850,950,7.33E-01
1933,115,25,0,100,5.87E+00
1934,115,25,50,150,2.86E+00
1935,115,25,100,200,1.20E+00
1936,115,25,150,250,1.27E+00
1937,115,25,200,300,1.96E+00
1938,115,25,250,350,1.84E+00
1939,115,25,300,400,1.74E+00
1940,115,25,350,450,1.61E+00
1941,115,25,400,500,1.61E+00
1942,115,25,450,550,1.53E+00
1943,115,25,500,600,1.87E+00
1944,115,25,550,650,2.48E+00
1945,115,25,600,700,1.90E+00
1946,115,25,650,750,1.36E+00
1947,115,25,700,800,8.12E-01
1948,115,25,750,850,6.58E-01
1949,115,25,800,900,7.06E-01
1950,115,25,850,950,1.30E+00
1951,116,25,0,100,9.09E-01
1952,116,25,50,150,1.72E+00
1953,116,25,100,200,1.45E+00
1954,116,25,150,250,1.20E+00
1955,116,25,200,300,1.76E+00
1956,116,25,250,350,2.52E+00
1957,116,25,300,400,2.44E+00
1958,116,25,350,450,2.18E+00
1959,116,25,400,500,2.17E+00
1960,116,25,450,550,1.64E+00
1961,116,25,500,600,2.42E+00
1962,116,25,550,650,2.31E+00
1963,116,25,600,700,1.61E+00
1964,116,25,650,750,9.29E-01
1965,116,25,700,800,7.53E-01
1966,116,25,750,850,6.87E-01
1967,116,25,800,900,7.08E-01
1968,116,25,850,950,8.07E-01
1969,117,25,0,100,6.89E+00
1970,117,25,50,150,4.41E+00
1971,117,25,100,200,3.10E+00
1972,117,25,150,250,1.82E+00
1973,117,25,200,300,3.08E+00
1974,117,25,250,350,2.41E+00
1975,117,25,300,400,1.97E+00
1976,117,25,350,450,1.98E+00
1977,117,25,400,500,1.98E+00
1978,117,25,450,550,1.64E+00
1979,117,25,500,600,2.18E+00
1980,117,25,550,650,2.46E+00
1981,117,25,600,700,1.54E+00
1982,117,25,650,750,1.24E+00
1983,117,25,700,800,9.09E-01
1984,117,25,750,850,8.57E-01
1985,117,25,800,900,7.96E-01
1986,117,25,850,950,7.69E-01
1987,118,25,0,100,2.23E+00
1988,118,25,50,150,2.01E+00
1989,118,25,100,200,1.08E+00
1990,118,25,150,250,1.50E+00
1991,118,25,200,300,1.67E+00
1992,118,25,250,350,1.47E+00
1993,118,25,300,400,1.58E+00
1994,118,25,350,450,1.58E+00
1995,118,25,400,500,1.58E+00
1996,118,25,450,550,1.36E+00
1997,118,25,500,600,2.66E+00
1998,118,25,550,650,2.10E+00
1999,118,25,600,700,1.57E+00
2000,118,25,650,750,1.38E+00
2001,118,25,700,800,1.16E+00
2002,118,25,750,850,8.34E-01
2003,118,25,800,900,8.05E-01
2004,118,25,850,950,7.70E-01
2005,119,25,0,100,3.43E+00
2006,119,25,50,150,2.68E+00
2007,119,25,100,200,2.39E+00
2008,119,25,150,250,1.40E+00
2009,119,25,200,300,1.95E+00
2010,119,25,250,350,2.39E+00
2011,119,25,300,400,2.15E+00
2012,119,25,350,450,1.87E+00
2013,119,25,400,500,1.88E+00
2014,119,25,450,550,2.38E+00
2015,119,25,500,600,1.92E+00
2016,119,25,550,650,3.59E+00
2017,119,25,600,700,2.61E+00
2018,119,25,650,750,2.06E+00
2019,119,25,700,800,1.91E+00
2020,119,25,750,850,1.33E+00
2021,119,25,800,900,1.35E+00
2022,119,25,850,950,1.20E+00
2023,120,25,200,300,1.98E+00
2024,120,25,250,350,2.31E+00
2025,120,25,300,400,1.54E+00
2026,120,25,350,450,1.77E+00
2027,120,25,400,500,1.78E+00
2028,120,25,450,550,1.70E+00
2029,120,25,500,600,2.62E+00
2030,120,25,550,650,5.30E+00
2031,120,25,600,700,2.93E+00
2032,120,25,650,750,1.17E+00
2033,120,25,700,800,6.22E-01
2034,120,25,750,850,6.11E-01
2035,120,25,800,900,6.76E-01
2036,120,25,850,950,6.84E-01
2037,121,25,0,100,3.25E+00
2038,121,25,50,150,2.23E+00
2039,121,25,100,200,1.95E+00
2040,121,25,150,250,2.76E+00
2041,121,25,200,300,3.79E+00
2042,121,25,250,350,4.21E+00
2043,121,25,300,400,3.54E+00
2044,121,25,350,450,4.03E+00
2045,121,25,400,500,4.03E+00
2046,121,25,450,550,2.81E+00
2047,121,25,500,600,3.15E+00
2048,121,25,550,650,6.66E+00
2049,121,25,600,700,2.47E+00
2050,121,25,650,750,1.96E+00
2051,121,25,700,800,9.69E-01
2052,121,25,750,850,5.93E-01
2053,121,25,800,900,5.17E-01
2054,121,25,850,950,5.98E-01
2055,122,25,0,100,4.25E+00
2056,122,25,50,150,3.32E+00
2057,122,25,100,200,1.31E+00
2058,122,25,150,250,1.17E+00
2059,122,25,200,300,1.73E+00
2060,122,25,250,350,1.71E+00
2061,122,25,300,400,1.56E+00
2062,122,25,350,450,1.76E+00
2063,122,25,400,500,1.76E+00
2064,122,25,450,550,1.36E+00
2065,122,25,500,600,2.02E+00
2066,122,25,550,650,1.99E+00
2067,122,25,600,700,1.55E+00
2068,122,25,650,750,1.03E+00
2069,122,25,700,800,8.81E-01
2070,122,25,750,850,9.11E-01
2071,122,25,800,900,9.05E-01
2072,122,25,850,950,1.82E+00
2073,123,25,0,100,1.81E+00
2074,123,25,50,150,1.00E+00
2075,123,25,100,200,1.10E+00
2076,123,25,150,250,1.39E+00
2077,123,25,200,300,2.00E+00
2078,123,25,250,350,1.62E+00
2079,123,25,300,400,1.65E+00
2080,123,25,350,450,2.11E+00
2081,123,25,400,500,2.11E+00
2082,123,25,450,550,1.63E+00
2083,123,25,500,600,2.59E+00
2084,123,25,550,650,3.22E+00
2085,123,25,600,700,2.36E+00
2086,123,25,650,750,1.18E+00
2087,123,25,700,800,8.30E-01
2088,123,25,750,850,5.77E-01
2089,123,25,800,900,4.79E-01
2090,123,25,850,950,5.50E-01
2091,124,25,0,100,4.19E+00
2092,124,25,50,150,2.58E+00
2093,124,25,100,200,1.02E+00
2094,124,25,150,250,2.37E+00
2095,124,25,200,300,2.68E+00
2096,124,25,250,350,2.36E+00
2097,124,25,300,400,2.49E+00
2098,124,25,350,450,2.69E+00
2099,124,25,400,500,2.69E+00
2100,124,25,450,550,2.03E+00
2101,124,25,500,600,2.50E+00
2102,124,25,550,650,3.23E+00
2103,124,25,600,700,2.07E+00
2104,124,25,650,750,9.84E-01
2105,124,25,700,800,6.54E-01
2106,124,25,750,850,5.87E-01
2107,124,25,800,900,6.29E-01
2108,124,25,850,950,7.25E-01
2109,125,25,0,100,2.40E+01
2110,125,25,50,150,7.85E+00
2111,125,25,100,200,1.73E+00
2112,125,25,150,250,4.47E+00
2113,125,25,200,300,3.93E+00
2114,125,25,250,350,3.03E+00
2115,125,25,300,400,3.12E+00
2116,125,25,350,450,3.28E+00
2117,125,25,400,500,3.26E+00
2118,125,25,450,550,2.74E+00
2119,125,25,500,600,5.37E+00
2120,125,25,550,650,9.73E+00
2121,125,25,600,700,4.14E+00
2122,125,25,650,750,1.96E+00
2123,125,25,700,800,2.46E+00
2124,125,25,750,850,1.98E+00
2125,125,25,800,900,1.53E+00
2126,125,25,850,950,2.14E+00
2127,126,25,0,100,2.61E+00
2128,126,25,50,150,1.24E+00
2129,126,25,100,200,1.51E+00
2130,126,25,150,250,3.27E+00
2131,126,25,200,300,4.31E+00
2132,126,25,250,350,4.30E+00
2133,126,25,300,400,3.19E+00
2134,126,25,350,450,3.77E+00
2135,126,25,400,500,3.77E+00
2136,126,25,450,550,2.22E+00
2137,126,25,500,600,3.76E+00
2138,126,25,550,650,5.01E+00
2139,126,25,600,700,3.07E+00
2140,126,25,650,750,3.00E+00
2141,126,25,700,800,3.16E+00
2142,126,25,750,850,4.73E+00
2143,126,25,800,900,5.31E+00
2144,126,25,850,950,4.41E+00
2145,127,25,0,100,4.55E+00
2146,127,25,50,150,6.36E+00
2147,127,25,100,200,2.61E+00
2148,127,25,150,250,3.39E+00
2149,127,25,200,300,3.30E+00
2150,127,25,250,350,2.53E+00
2151,127,25,300,400,2.22E+00
2152,127,25,350,450,2.49E+00
2153,127,25,400,500,2.49E+00
2154,127,25,450,550,2.93E+00
2155,127,25,500,600,3.78E+00
2156,127,25,550,650,1.21E+01
2157,127,25,600,700,3.13E+00
2158,127,25,650,750,1.80E+00
2159,127,25,700,800,1.29E+00
2160,127,25,750,850,7.76E-01
2161,127,25,800,900,5.80E-01
2162,127,25,850,950,7.29E-01
2163,128,25,0,100,1.83E+00
2164,128,25,50,150,2.29E+00
2165,128,25,100,200,1.50E+00
2166,128,25,150,250,1.69E+00
2167,128,25,200,300,2.65E+00
2168,128,25,250,350,3.29E+00
2169,128,25,300,400,2.08E+00
2170,128,25,350,450,2.99E+00
2171,128,25,400,500,2.64E+00
2172,128,25,450,550,1.75E+00
2173,128,25,500,600,2.25E+00
2174,128,25,550,650,2.70E+00
2175,128,25,600,700,1.61E+00
2176,128,25,650,750,1.44E+00
2177,128,25,700,800,1.55E+00
2178,128,25,750,850,1.05E+00
2179,128,25,800,900,1.21E+00
2180,128,25,850,950,1.40E+00
2181,129,25,0,100,2.45E+00
2182,129,25,50,150,1.57E+00
2183,129,25,100,200,1.04E+00
2184,129,25,150,250,2.20E+00
2185,129,25,200,300,3.41E+00
2186,129,25,250,350,2.54E+00
2187,129,25,300,400,3.34E+00
2188,129,25,350,450,3.49E+00